[{"id":1,"title":"Joint M.S\/Ph.D. Student, Hyesong Choi granted Solvay scholarship","content":"<p>Joint M.S\/Ph.D. student, Hyesong Choi granted Solvay scholarship<br>Hyesong Choi, a joint M.S\/Ph.D. student from Computer Vision Lab (advisor: Prof. Dongbo Min), was finally selected as a Solvay Scholarship. She will receive tuition and study incentives for the next two years and conduct research on 'End-to-end training approach of vision and reinforcement learning'.<br><br>\ucd5c\ud61c\uc1a1 \uc11d\u2219\ubc15\uc0ac \ud1b5\ud569\uacfc\uc815\uc0dd \uc194\ubca0\uc774 \uc7a5\ud559\uc0dd \uc120\uc815<br>\ucef4\ud4e8\ud130\ube44\uc804\uc5f0\uad6c\uc2e4(\uc9c0\ub3c4\uad50\uc218: \ubbfc\ub3d9\ubcf4)\uc758 \ucd5c\ud61c\uc1a1 \uc11d\u2219\ubc15\uc0ac \ud1b5\ud569 \uacfc\uc815\uc0dd\uc774 \uc194\ubca0\uc774 \uc7a5\ud559\uc0dd\uc73c\ub85c \ucd5c\uc885 \uc120\uc815\ub418\uc5c8\uc2b5\ub2c8\ub2e4. \ucd5c\ud61c\uc1a1 \ud559\uc0dd\uc740 \ud5a5\ud6c4 2\ub144\uac04 \ub4f1\ub85d\uae08 \ubc0f \uba74\ud559 \uc7a5\ub824 \uc7a5\ud559\uae08\uc744 \uc9c0\uc6d0\ubc1b\uac8c \ub418\uba70, '\ube44\uc804\uacfc \uac15\ud654 \ud559\uc2b5\uc758 End-to-End \ud559\uc2b5 \ubc29\uc2dd'\uc5d0 \uad00\ud55c \uc5f0\uad6c\ub97c \uc218\ud589\ud560 \uc608\uc815\uc785\ub2c8\ub2e4.<br>&nbsp;&nbsp;<\/p><p>&nbsp;<\/p>","time":"2022\/04\/16","view":5}]